{
  "notes": [
    {
      "id": 1,
      "title": "Data Structures - Complete Notes",
      "subject": "Data Structures",
      "branch": "Computer Science",
      "year": "2nd Year",
      "uploaded_by": "SARTHAK SINGH RATHORE",
      "upload_date": "2024-01-15",
      "downloads": 254,
      "rating": 4.8,
      "file_type": "PDF",
      "location": "database/et_cse_4th_dsa.pdf"
    },
    {
      "id": 2,
      "title": "Computer Architechture and Organization - End Term 2024-25",
      "subject": "Algorithms",
      "branch": "Computer Science",
      "year": "2nd Year",
      "uploaded_by": "SARTHAK SINGH RATHORE",
      "upload_date": "2024-01-20",
      "downloads": 192,
      "rating": 4.6,
      "file_type": "PDF",
      "location": "CO (BCSC1005)_end term_2024-25.pdf"
    },
    {
      "id": 3,
      "title": "Operating Systems - Mid Term Sec A",
      "subject": "Computer Systems",
      "branch": "Computer Science",
      "year": "2nd Year",
      "uploaded_by": "SARTHAK SINGH RATHORE",
      "upload_date": "2024-02-01",
      "downloads": 313,
      "rating": 4.9,
      "file_type": "PDF",
      "location": "database/CO (BCSC1005)_end term_2024-25.pdf"
    }
  ],
  "papers": [
    {
      "id": 1,
      "title": "Data Structures - 202 Final Exam",
      "subject": "Data Structures",
      "branch": "Computer Science",
      "year": "2nd Year",
      "exam_year": 2023,
      "uploaded_by": "Admin",
      "upload_date": "2024-01-10",
      "downloads": 459,
      "file_type": "PDF",
      "location": "database/et_cse_4th_dsa.pdf"
    },
    {
      "id": 2,
      "title": "Computer Architecture and organization",
      "subject": "Algorithms",
      "branch": "Computer Science",
      "year": "2nd Year",
      "exam_year": 2022,
      "uploaded_by": "Admin",
      "upload_date": "2024-01-10",
      "downloads": 390,
      "file_type": "PDF",
      "location": "database/CO (BCSC1005)_end term_2024-25.pdf"
    },
    {
      "id": 3,
      "title": "Operating Systems - Mid Term Sec A",
      "subject": "Computer Systems",
      "branch": "Computer Science",
      "year": "2nd Year",
      "exam_year": 2023,
      "uploaded_by": "Admin",
      "upload_date": "2024-01-10",
      "downloads": 524,
      "file_type": "PDF",
      "location": "OS_MID TERM_Sec_A.pdf"
    },
    {
      "id": 4,
      "title": "Data Structures and Algorithms - End Term Exam",
      "subject": "Data Structures",
      "branch": "Computer Science",
      "year": "4th Year",
      "exam_year": 2024,
      "uploaded_by": "System",
      "upload_date": "2024-12-19",
      "downloads": 2,
      "file_type": "PDF",
      "location": "database/et_cse_4th_dsa.pdf"
    }
  ]
}